Workbook

Sheet EST
A1: Name | B1: Monday | C1: Tuesday | D1: Wednesday | E1: Thursday | F1: Friday | G1: Saturday | H1: Sunday | I1: Rest Day | J1: Break 1 | K1: Break 2 | L1: Lunch | M1: Break 3 | N1: Supervisor | O1: EST SCHED
A2: AIREEN BALANON | B2: 01:00 - 12:00 | C2: 01:00 - 12:00 | D2: OFF | E2: OFF | F2: OFF | G2: 01:00 - 12:00 | H2: 01:00 - 12:00 | I2: Wed - Thu - Fri | J2: 0.125 | K2: 0.35416667 | L2: 0.26041667 | M2: 0.44791667 | N2: Remmo Panaligan | O2: 20:00 - 07:00 | P2: =IF(O2="OFF",0, IF(VALUE(LEFT(O2,2))<12,0,1)) -> 1
A3: ALEC CHRISTIAN PALABAY | B3: 13:00 - 00:00 | C3: 13:00 - 00:00 | D3: 13:00 - 00:00 | E3: OFF | F3: OFF | G3: OFF | H3: 13:00 - 00:00 | I3: Thu - Fri - Sat | J3: 0.61458333 | K3: 0.8125 | L3: 0.6875 | M3: 0.91666667 | N3: Remmo Panaligan | O3: 09:00 - 20:00 | P3: =IF(O3="OFF",0, IF(VALUE(LEFT(O3,2))<12,0,1)) -> 0
A4: ANDREI MARK LLENOS | B4: 08:00 - 19:00 | C4: 08:00 - 19:00 | D4: 08:00 - 19:00 | E4: OFF | F4: 08:00 - 19:00 | G4: OFF | H4: OFF | I4: Thur - Sat - Sun | J4: 0.39583333 | K4: 0.60416667 | L4: 0.47916667 | M4: 0.73958333 | N4: Manilyn Abellar | O4: 04:00 - 15:00 | P4: =IF(O4="OFF",0, IF(VALUE(LEFT(O4,2))<12,0,1)) -> 0
A5: ANTONIO AGDA | B5: 07:30 - 18:30 | C5: 07:30 - 18:30 | D5: 07:30 - 18:30 | E5: 07:30 - 18:30 | F5: OFF | G5: OFF | H5: OFF | I5: Fri - Sat - Sun | J5: 0.38541667 | K5: 0.61458333 | L5: 0.46875 | M5: 0.71875 | N5: Manilyn Abellar | O5: 12:00 - 23:00 | P5: =IF(O5="OFF",0, IF(VALUE(LEFT(O5,2))<12,0,1)) -> 1
A6: AYSHA SAGIRA MACALANDONG | B6: OFF | C6: OFF | D6: OFF | E6: 20:00 - 07:00 | F6: 20:00 - 07:00 | G6: 20:00 - 07:00 | H6: 20:00 - 07:00 | I6: Mon - Tue - Wed | J6: 0.92708333 | K6: 0.010416667 | L6: 0.1875 | M6: 0.10416667 | N6: Michael Dominguez | O6: 05:00 - 16:00 | P6: =IF(O6="OFF",0, IF(VALUE(LEFT(O6,2))<12,0,1)) -> 0
A7: AZILEAN KHRISTA ALMAZAN | B7: 09:00 - 20:00 | C7: 09:00 - 20:00 | D7: OFF | E7: OFF | F7: 09:00 - 20:00 | G7: 09:00 - 20:00 | H7: OFF | I7: Sun - Mon - Tue | J7: 0.45833333 | K7: 0.55208333 | L7: 0.6875 | M7: 0.78125 | N7: Anmecha Valencia | O7: 06:00 - 17:00 | P7: =IF(O7="OFF",0, IF(VALUE(LEFT(O7,2))<12,0,1)) -> 0
A8: BENEDICT ERMITANO | B8: 09:00 - 20:00 | C8: 09:00 - 20:00 | D8: 09:00 - 20:00 | E8: OFF | F8: 09:00 - 20:00 | G8: OFF | H8: OFF | I8: Thur - Sat - Sun | J8: 0.47916667 | K8: 0.625 | L8: 0.55208333 | M8: 0.77083333 | N8: Michael Dominguez | O8: 17:00 - 04:00 | P8: =IF(O8="OFF",0, IF(VALUE(LEFT(O8,2))<12,0,1)) -> 1
A9: CARLOS JR. KIAMCO | B9: 09:00 - 20:00 | C9: OFF | D9: OFF | E9: OFF | F9: 09:00 - 20:00 | G9: 09:00 - 20:00 | H9: 09:00 - 20:00 | I9: Tue - Wed - Thu | J9: 0.58333333 | K9: 0.67708333 | L9: 0.45833333 | M9: 0.77083333 | N9: Christopher Rodas | O9: 18:30 - 05:30 | P9: =IF(O9="OFF",0, IF(VALUE(LEFT(O9,2))<12,0,1)) -> 1
A10: CHARISSE CAPUNO | B10: 09:00 - 20:00 | C10: OFF | D10: 09:00 - 20:00 | E10: 09:00 - 20:00 | F10: 09:00 - 20:00 | G10: OFF | H10: OFF | I10: Tue - Sat - Sun | J10: 0.46875 | K10: 0.5625 | L10: 0.75 | M10: 0.65625 | N10: Anmecha Valencia | O10: 09:00 - 20:00 | P10: =IF(O10="OFF",0, IF(VALUE(LEFT(O10,2))<12,0,1)) -> 0
A11: CHRIS PAUL DALUT | B11: 03:00 - 14:00 | C11: 03:00 - 14:00 | D11: OFF | E11: 03:00 - 14:00 | F11: 03:00 - 14:00 | G11: OFF | H11: OFF | I11: Wed - Sat - Sun | J11: 0.19791667 | K11: 0.4375 | L11: 0.3125 | M11: 0.54166667 | N11: Anmecha Valencia | O11: 20:00 - 07:00 | P11: =IF(O11="OFF",0, IF(VALUE(LEFT(O11,2))<12,0,1)) -> 1
A12: CHRISTIAN LAJERA | B12: OFF | C12: 09:00 - 20:00 | D12: 09:00 - 20:00 | E12: 09:00 - 20:00 | F12: 09:00 - 20:00 | G12: OFF | H12: OFF | I12: Sat - Sun - Mon | J12: 0.45833333 | K12: 0.54166667 | L12: 0.64583333 | M12: 0.76041667 | N12: Michael Dominguez | O12: 10:00 - 21:00 | P12: =IF(O12="OFF",0, IF(VALUE(LEFT(O12,2))<12,0,1)) -> 0
A13: CLEENDY CERILLA | B13: 07:30 - 18:30 | C13: 07:30 - 18:30 | D13: 07:30 - 18:30 | E13: 07:30 - 18:30 | F13: OFF | G13: OFF | H13: OFF | I13: Fri - Sat - Sun | J13: 0.39583333 | K13: 0.60416667 | L13: 0.47916667 | M13: 0.72916667 | N13: Christopher Rodas | O13: 23:00 - 10:00 | P13: =IF(O13="OFF",0, IF(VALUE(LEFT(O13,2))<12,0,1)) -> 1
... A61: WILLIAM NAVA | B61: 08:00 - 19:00 | C61: OFF | D61: 08:00 - 19:00 | E61: 08:00 - 19:00 | F61: 08:00 - 19:00 | G61: OFF | H61: OFF | I61: Tue - Sat - Sun | J61: 0.42708333 | K61: 0.64583333 | L61: 0.51041667 | M61: 0.76041667 | N61: Anmecha Valencia | O61: 00:00-11:00 | P61: =IF(O61="OFF",0, IF(VALUE(LEFT(O61,2))<12,0,1)) -> 0

Sheet PH
A1: Name | B1: Monday | C1: Tuesday | D1: Wednesday | E1: Thursday | F1: Friday | G1: Saturday | H1: Sunday | I1: Rest Day | J1: Break 1 | K1: Break 2 | L1: Lunch | M1: Break 3 | N1: Supervisor
A2: =EST!A2 -> AIREEN BALANON | B2: =IFERROR(_xlfn.LET(_xlpm.s,SUBSTITUTE(IF(EST!$P2=1,EST!H2,EST!B2)," ",""),IF(_xlpm.s="OFF","OFF",TEXT(MOD(TIMEVALUE(_xlfn.TEXTBEFORE(_xlpm.s,"-"))+0.5,1),"hh:mm")&" - "&TEXT(MOD(TIMEVALUE(_xlfn.TEXTAFTER(_xlpm.s,"-"))+0.5,1),"hh:mm"))),IF(EST!$P2=1,EST!H2,EST!B2)) -> 13:00 - 00:00 | C2: =IFERROR(_xlfn.LET(_xlpm.s,SUBSTITUTE(IF(EST!$P2=1,EST!B2,EST!C2)," ",""),IF(_xlpm.s="OFF","OFF",TEXT(MOD(TIMEVALUE(_xlfn.TEXTBEFORE(_xlpm.s,"-"))+0.5,1),"hh:mm")&" - "&TEXT(MOD(TIMEVALUE(_xlfn.TEXTAFTER(_xlpm.s,"-"))+0.5,1),"hh:mm"))),IF(EST!$P2=1,EST!B2,EST!C2)) -> 13:00 - 00:00 | D2: =IFERROR(_xlfn.LET(_xlpm.s,SUBSTITUTE(IF(EST!$P2=1,EST!C2,EST!D2)," ",""),IF(_xlpm.s="OFF","OFF",TEXT(MOD(TIMEVALUE(_xlfn.TEXTBEFORE(_xlpm.s,"-"))+0.5,1),"hh:mm")&" - "&TEXT(MOD(TIMEVALUE(_xlfn.TEXTAFTER(_xlpm.s,"-"))+0.5,1),"hh:mm"))),IF(EST!$P2=1,EST!C2,EST!D2)) -> 13:00 - 00:00 | E2: =IFERROR(_xlfn.LET(_xlpm.s,SUBSTITUTE(IF(EST!$P2=1,EST!D2,EST!E2)," ",""),IF(_xlpm.s="OFF","OFF",TEXT(MOD(TIMEVALUE(_xlfn.TEXTBEFORE(_xlpm.s,"-"))+0.5,1),"hh:mm")&" - "&TEXT(MOD(TIMEVALUE(_xlfn.TEXTAFTER(_xlpm.s,"-"))+0.5,1),"hh:mm"))),IF(EST!$P2=1,EST!D2,EST!E2)) -> OFF | F2: =IFERROR(_xlfn.LET(_xlpm.s,SUBSTITUTE(IF(EST!$P2=1,EST!E2,EST!F2)," ",""),IF(_xlpm.s="OFF","OFF",TEXT(MOD(TIMEVALUE(_xlfn.TEXTBEFORE(_xlpm.s,"-"))+0.5,1),"hh:mm")&" - "&TEXT(MOD(TIMEVALUE(_xlfn.TEXTAFTER(_xlpm.s,"-"))+0.5,1),"hh:mm"))),IF(EST!$P2=1,EST!E2,EST!F2)) -> OFF | G2: =IFERROR(_xlfn.LET(_xlpm.s,SUBSTITUTE(IF(EST!$P2=1,EST!F2,EST!G2)," ",""),IF(_xlpm.s="OFF","OFF",TEXT(MOD(TIMEVALUE(_xlfn.TEXTBEFORE(_xlpm.s,"-"))+0.5,1),"hh:mm")&" - "&TEXT(MOD(TIMEVALUE(_xlfn.TEXTAFTER(_xlpm.s,"-"))+0.5,1),"hh:mm"))),IF(EST!$P2=1,EST!F2,EST!G2)) -> OFF | H2: =IFERROR(_xlfn.LET(_xlpm.s,SUBSTITUTE(IF(EST!$P2=1,EST!G2,EST!H2)," ",""),IF(_xlpm.s="OFF","OFF",TEXT(MOD(TIMEVALUE(_xlfn.TEXTBEFORE(_xlpm.s,"-"))+0.5,1),"hh:mm")&" - "&TEXT(MOD(TIMEVALUE(_xlfn.TEXTAFTER(_xlpm.s,"-"))+0.5,1),"hh:mm"))),IF(EST!$P2=1,EST!G2,EST!H2)) -> 13:00 - 00:00 | I2: =_xlfn.TEXTJOIN(" - ",TRUE, IF(B2="OFF","Mon",""), IF(C2="OFF","Tue",""), IF(D2="OFF","Wed",""), IF(E2="OFF","Thu",""), IF(F2="OFF","Fri",""), IF(G2="OFF","Sat",""), IF(H2="OFF","Sun","")) -> Thu - Fri - Sat | J2: =MOD(EST!J2+TIME(12,0,0),1) -> 0.625 | K2: =MOD(EST!K2+TIME(12,0,0),1) -> 0.85416667 | L2: =MOD(EST!L2+TIME(12,0,0),1) -> 0.76041667 | M2: =MOD(EST!M2+TIME(12,0,0),1) -> 0.94791667 | N2: =EST!N2 -> Remmo Panaligan
A3: =EST!A3 -> ALEC CHRISTIAN PALABAY | B3: =IFERROR(_xlfn.LET(_xlpm.s,SUBSTITUTE(IF(EST!$P3=1,EST!H3,EST!B3)," ",""),IF(_xlpm.s="OFF","OFF",TEXT(MOD(TIMEVALUE(_xlfn.TEXTBEFORE(_xlpm.s,"-"))+0.5,1),"hh:mm")&" - "&TEXT(MOD(TIMEVALUE(_xlfn.TEXTAFTER(_xlpm.s,"-"))+0.5,1),"hh:mm"))),IF(EST!$P3=1,EST!H3,EST!B3)) -> 01:00 - 12:00 | C3: =IFERROR(_xlfn.LET(_xlpm.s,SUBSTITUTE(IF(EST!$P3=1,EST!B3,EST!C3)," ",""),IF(_xlpm.s="OFF","OFF",TEXT(MOD(TIMEVALUE(_xlfn.TEXTBEFORE(_xlpm.s,"-"))+0.5,1),"hh:mm")&" - "&TEXT(MOD(TIMEVALUE(_xlfn.TEXTAFTER(_xlpm.s,"-"))+0.5,1),"hh:mm"))),IF(EST!$P3=1,EST!B3,EST!C3)) -> 01:00 - 12:00 | D3: =IFERROR(_xlfn.LET(_xlpm.s,SUBSTITUTE(IF(EST!$P3=1,EST!C3,EST!D3)," ",""),IF(_xlpm.s="OFF","OFF",TEXT(MOD(TIMEVALUE(_xlfn.TEXTBEFORE(_xlpm.s,"-"))+0.5,1),"hh:mm")&" - "&TEXT(MOD(TIMEVALUE(_xlfn.TEXTAFTER(_xlpm.s,"-"))+0.5,1),"hh:mm"))),IF(EST!$P3=1,EST!C3,EST!D3)) -> 01:00 - 12:00 | E3: =IFERROR(_xlfn.LET(_xlpm.s,SUBSTITUTE(IF(EST!$P3=1,EST!D3,EST!E3)," ",""),IF(_xlpm.s="OFF","OFF",TEXT(MOD(TIMEVALUE(_xlfn.TEXTBEFORE(_xlpm.s,"-"))+0.5,1),"hh:mm")&" - "&TEXT(MOD(TIMEVALUE(_xlfn.TEXTAFTER(_xlpm.s,"-"))+0.5,1),"hh:mm"))),IF(EST!$P3=1,EST!D3,EST!E3)) -> OFF | F3: =IFERROR(_xlfn.LET(_xlpm.s,SUBSTITUTE(IF(EST!$P3=1,EST!E3,EST!F3)," ",""),IF(_xlpm.s="OFF","OFF",TEXT(MOD(TIMEVALUE(_xlfn.TEXTBEFORE(_xlpm.s,"-"))+0.5,1),"hh:mm")&" - "&TEXT(MOD(TIMEVALUE(_xlfn.TEXTAFTER(_xlpm.s,"-"))+0.5,1),"hh:mm"))),IF(EST!$P3=1,EST!E3,EST!F3)) -> OFF | G3: =IFERROR(_xlfn.LET(_xlpm.s,SUBSTITUTE(IF(EST!$P3=1,EST!F3,EST!G3)," ",""),IF(_xlpm.s="OFF","OFF",TEXT(MOD(TIMEVALUE(_xlfn.TEXTBEFORE(_xlpm.s,"-"))+0.5,1),"hh:mm")&" - "&TEXT(MOD(TIMEVALUE(_xlfn.TEXTAFTER(_xlpm.s,"-"))+0.5,1),"hh:mm"))),IF(EST!$P3=1,EST!F3,EST!G3)) -> OFF | H3: =IFERROR(_xlfn.LET(_xlpm.s,SUBSTITUTE(IF(EST!$P3=1,EST!G3,EST!H3)," ",""),IF(_xlpm.s="OFF","OFF",TEXT(MOD(TIMEVALUE(_xlfn.TEXTBEFORE(_xlpm.s,"-"))+0.5,1),"hh:mm")&" - "&TEXT(MOD(TIMEVALUE(_xlfn.TEXTAFTER(_xlpm.s,"-"))+0.5,1),"hh:mm"))),IF(EST!$P3=1,EST!G3,EST!H3)) -> 01:00 - 12:00 | I3: =_xlfn.TEXTJOIN(" - ",TRUE, IF(B3="OFF","Mon",""), IF(C3="OFF","Tue",""), IF(D3="OFF","Wed",""), IF(E3="OFF","Thu",""), IF(F3="OFF","Fri",""), IF(G3="OFF","Sat",""), IF(H3="OFF","Sun","")) -> Thu - Fri - Sat | J3: =MOD(EST!J3+TIME(12,0,0),1) -> 0.11458333 | K3: =MOD(EST!K3+TIME(12,0,0),1) -> 0.3125 | L3: =MOD(EST!L3+TIME(12,0,0),1) -> 0.1875 | M3: =MOD(EST!M3+TIME(12,0,0),1) -> 0.41666667 | N3: =EST!N3 -> Remmo Panaligan
A4: =EST!A4 -> ANDREI MARK LLENOS | B4: =IFERROR(_xlfn.LET(_xlpm.s,SUBSTITUTE(IF(EST!$P4=1,EST!H4,EST!B4)," ",""),IF(_xlpm.s="OFF","OFF",TEXT(MOD(TIMEVALUE(_xlfn.TEXTBEFORE(_xlpm.s,"-"))+0.5,1),"hh:mm")&" - "&TEXT(MOD(TIMEVALUE(_xlfn.TEXTAFTER(_xlpm.s,"-"))+0.5,1),"hh:mm"))),IF(EST!$P4=1,EST!H4,EST!B4)) -> 20:00 - 07:00 | C4: =IFERROR(_xlfn.LET(_xlpm.s,SUBSTITUTE(IF(EST!$P4=1,EST!B4,EST!C4)," ",""),IF(_xlpm.s="OFF","OFF",TEXT(MOD(TIMEVALUE(_xlfn.TEXTBEFORE(_xlpm.s,"-"))+0.5,1),"hh:mm")&" - "&TEXT(MOD(TIMEVALUE(_xlfn.TEXTAFTER(_xlpm.s,"-"))+0.5,1),"hh:mm"))),IF(EST!$P4=1,EST!B4,EST!C4)) -> 20:00 - 07:00 | D4: =IFERROR(_xlfn.LET(_xlpm.s,SUBSTITUTE(IF(EST!$P4=1,EST!C4,EST!D4)," ",""),IF(_xlpm.s="OFF","OFF",TEXT(MOD(TIMEVALUE(_xlfn.TEXTBEFORE(_xlpm.s,"-"))+0.5,1),"hh:mm")&" - "&TEXT(MOD(TIMEVALUE(_xlfn.TEXTAFTER(_xlpm.s,"-"))+0.5,1),"hh:mm"))),IF(EST!$P4=1,EST!C4,EST!D4)) -> 20:00 - 07:00 | E4: =IFERROR(_xlfn.LET(_xlpm.s,SUBSTITUTE(IF(EST!$P4=1,EST!D4,EST!E4)," ",""),IF(_xlpm.s="OFF","OFF",TEXT(MOD(TIMEVALUE(_xlfn.TEXTBEFORE(_xlpm.s,"-"))+0.5,1),"hh:mm")&" - "&TEXT(MOD(TIMEVALUE(_xlfn.TEXTAFTER(_xlpm.s,"-"))+0.5,1),"hh:mm"))),IF(EST!$P4=1,EST!D4,EST!E4)) -> OFF | F4: =IFERROR(_xlfn.LET(_xlpm.s,SUBSTITUTE(IF(EST!$P4=1,EST!E4,EST!F4)," ",""),IF(_xlpm.s="OFF","OFF",TEXT(MOD(TIMEVALUE(_xlfn.TEXTBEFORE(_xlpm.s,"-"))+0.5,1),"hh:mm")&" - "&TEXT(MOD(TIMEVALUE(_xlfn.TEXTAFTER(_xlpm.s,"-"))+0.5,1),"hh:mm"))),IF(EST!$P4=1,EST!E4,EST!F4)) -> 20:00 - 07:00 | G4: =IFERROR(_xlfn.LET(_xlpm.s,SUBSTITUTE(IF(EST!$P4=1,EST!F4,EST!G4)," ",""),IF(_xlpm.s="OFF","OFF",TEXT(MOD(TIMEVALUE(_xlfn.TEXTBEFORE(_xlpm.s,"-"))+0.5,1),"hh:mm")&" - "&TEXT(MOD(TIMEVALUE(_xlfn.TEXTAFTER(_xlpm.s,"-"))+0.5,1),"hh:mm"))),IF(EST!$P4=1,EST!F4,EST!G4)) -> OFF | H4: =IFERROR(_xlfn.LET(_xlpm.s,SUBSTITUTE(IF(EST!$P4=1,EST!G4,EST!H4)," ",""),IF(_xlpm.s="OFF","OFF",TEXT(MOD(TIMEVALUE(_xlfn.TEXTBEFORE(_xlpm.s,"-"))+0.5,1),"hh:mm")&" - "&TEXT(MOD(TIMEVALUE(_xlfn.TEXTAFTER(_xlpm.s,"-"))+0.5,1),"hh:mm"))),IF(EST!$P4=1,EST!G4,EST!H4)) -> OFF | I4: =_xlfn.TEXTJOIN(" - ",TRUE, IF(B4="OFF","Mon",""), IF(C4="OFF","Tue",""), IF(D4="OFF","Wed",""), IF(E4="OFF","Thu",""), IF(F4="OFF","Fri",""), IF(G4="OFF","Sat",""), IF(H4="OFF","Sun","")) -> Thu - Sat - Sun | J4: =MOD(EST!J4+TIME(12,0,0),1) -> 0.89583333 | K4: =MOD(EST!K4+TIME(12,0,0),1) -> 0.10416667 | L4: =MOD(EST!L4+TIME(12,0,0),1) -> 0.97916667 | M4: =MOD(EST!M4+TIME(12,0,0),1) -> 0.23958333 | N4: =EST!N4 -> Manilyn Abellar
A5: =EST!A5 -> ANTONIO AGDA | B5: =IFERROR(_xlfn.LET(_xlpm.s,SUBSTITUTE(IF(EST!$P5=1,EST!H5,EST!B5)," ",""),IF(_xlpm.s="OFF","OFF",TEXT(MOD(TIMEVALUE(_xlfn.TEXTBEFORE(_xlpm.s,"-"))+0.5,1),"hh:mm")&" - "&TEXT(MOD(TIMEVALUE(_xlfn.TEXTAFTER(_xlpm.s,"-"))+0.5,1),"hh:mm"))),IF(EST!$P5=1,EST!H5,EST!B5)) -> OFF | C5: =IFERROR(_xlfn.LET(_xlpm.s,SUBSTITUTE(IF(EST!$P5=1,EST!B5,EST!C5)," ",""),IF(_xlpm.s="OFF","OFF",TEXT(MOD(TIMEVALUE(_xlfn.TEXTBEFORE(_xlpm.s,"-"))+0.5,1),"hh:mm")&" - "&TEXT(MOD(TIMEVALUE(_xlfn.TEXTAFTER(_xlpm.s,"-"))+0.5,1),"hh:mm"))),IF(EST!$P5=1,EST!B5,EST!C5)) -> 19:30 - 06:30 | D5: =IFERROR(_xlfn.LET(_xlpm.s,SUBSTITUTE(IF(EST!$P5=1,EST!C5,EST!D5)," ",""),IF(_xlpm.s="OFF","OFF",TEXT(MOD(TIMEVALUE(_xlfn.TEXTBEFORE(_xlpm.s,"-"))+0.5,1),"hh:mm")&" - "&TEXT(MOD(TIMEVALUE(_xlfn.TEXTAFTER(_xlpm.s,"-"))+0.5,1),"hh:mm"))),IF(EST!$P5=1,EST!C5,EST!D5)) -> 19:30 - 06:30 | E5: =IFERROR(_xlfn.LET(_xlpm.s,SUBSTITUTE(IF(EST!$P5=1,EST!D5,EST!E5)," ",""),IF(_xlpm.s="OFF","OFF",TEXT(MOD(TIMEVALUE(_xlfn.TEXTBEFORE(_xlpm.s,"-"))+0.5,1),"hh:mm")&" - "&TEXT(MOD(TIMEVALUE(_xlfn.TEXTAFTER(_xlpm.s,"-"))+0.5,1),"hh:mm"))),IF(EST!$P5=1,EST!D5,EST!E5)) -> 19:30 - 06:30 | F5: =IFERROR(_xlfn.LET(_xlpm.s,SUBSTITUTE(IF(EST!$P5=1,EST!E5,EST!F5)," ",""),IF(_xlpm.s="OFF","OFF",TEXT(MOD(TIMEVALUE(_xlfn.TEXTBEFORE(_xlpm.s,"-"))+0.5,1),"hh:mm")&" - "&TEXT(MOD(TIMEVALUE(_xlfn.TEXTAFTER(_xlpm.s,"-"))+0.5,1),"hh:mm"))),IF(EST!$P5=1,EST!E5,EST!F5)) -> 19:30 - 06:30 | G5: =IFERROR(_xlfn.LET(_xlpm.s,SUBSTITUTE(IF(EST!$P5=1,EST!F5,EST!G5)," ",""),IF(_xlpm.s="OFF","OFF",TEXT(MOD(TIMEVALUE(_xlfn.TEXTBEFORE(_xlpm.s,"-"))+0.5,1),"hh:mm")&" - "&TEXT(MOD(TIMEVALUE(_xlfn.TEXTAFTER(_xlpm.s,"-"))+0.5,1),"hh:mm"))),IF(EST!$P5=1,EST!F5,EST!G5)) -> OFF | H5: =IFERROR(_xlfn.LET(_xlpm.s,SUBSTITUTE(IF(EST!$P5=1,EST!G5,EST!H5)," ",""),IF(_xlpm.s="OFF","OFF",TEXT(MOD(TIMEVALUE(_xlfn.TEXTBEFORE(_xlpm.s,"-"))+0.5,1),"hh:mm")&" - "&TEXT(MOD(TIMEVALUE(_xlfn.TEXTAFTER(_xlpm.s,"-"))+0.5,1),"hh:mm"))),IF(EST!$P5=1,EST!G5,EST!H5)) -> OFF | I5: =_xlfn.TEXTJOIN(" - ",TRUE, IF(B5="OFF","Mon",""), IF(C5="OFF","Tue",""), IF(D5="OFF","Wed",""), IF(E5="OFF","Thu",""), IF(F5="OFF","Fri",""), IF(G5="OFF","Sat",""), IF(H5="OFF","Sun","")) -> Mon - Sat - Sun | J5: =MOD(EST!J5+TIME(12,0,0),1) -> 0.88541667 | K5: =MOD(EST!K5+TIME(12,0,0),1) -> 0.11458333 | L5: =MOD(EST!L5+TIME(12,0,0),1) -> 0.96875 | M5: =MOD(EST!M5+TIME(12,0,0),1) -> 0.21875 | N5: =EST!N5 -> Manilyn Abellar
A6: =EST!A6 -> AYSHA SAGIRA MACALANDONG | B6: =IFERROR(_xlfn.LET(_xlpm.s,SUBSTITUTE(IF(EST!$P6=1,EST!H6,EST!B6)," ",""),IF(_xlpm.s="OFF","OFF",TEXT(MOD(TIMEVALUE(_xlfn.TEXTBEFORE(_xlpm.s,"-"))+0.5,1),"hh:mm")&" - "&TEXT(MOD(TIMEVALUE(_xlfn.TEXTAFTER(_xlpm.s,"-"))+0.5,1),"hh:mm"))),IF(EST!$P6=1,EST!H6,EST!B6)) -> OFF | C6: =IFERROR(_xlfn.LET(_xlpm.s,SUBSTITUTE(IF(EST!$P6=1,EST!B6,EST!C6)," ",""),IF(_xlpm.s="OFF","OFF",TEXT(MOD(TIMEVALUE(_xlfn.TEXTBEFORE(_xlpm.s,"-"))+0.5,1),"hh:mm")&" - "&TEXT(MOD(TIMEVALUE(_xlfn.TEXTAFTER(_xlpm.s,"-"))+0.5,1),"hh:mm"))),IF(EST!$P6=1,EST!B6,EST!C6)) -> OFF | D6: =IFERROR(_xlfn.LET(_xlpm.s,SUBSTITUTE(IF(EST!$P6=1,EST!C6,EST!D6)," ",""),IF(_xlpm.s="OFF","OFF",TEXT(MOD(TIMEVALUE(_xlfn.TEXTBEFORE(_xlpm.s,"-"))+0.5,1),"hh:mm")&" - "&TEXT(MOD(TIMEVALUE(_xlfn.TEXTAFTER(_xlpm.s,"-"))+0.5,1),"hh:mm"))),IF(EST!$P6=1,EST!C6,EST!D6)) -> OFF | E6: =IFERROR(_xlfn.LET(_xlpm.s,SUBSTITUTE(IF(EST!$P6=1,EST!D6,EST!E6)," ",""),IF(_xlpm.s="OFF","OFF",TEXT(MOD(TIMEVALUE(_xlfn.TEXTBEFORE(_xlpm.s,"-"))+0.5,1),"hh:mm")&" - "&TEXT(MOD(TIMEVALUE(_xlfn.TEXTAFTER(_xlpm.s,"-"))+0.5,1),"hh:mm"))),IF(EST!$P6=1,EST!D6,EST!E6)) -> 08:00 - 19:00 | F6: =IFERROR(_xlfn.LET(_xlpm.s,SUBSTITUTE(IF(EST!$P6=1,EST!E6,EST!F6)," ",""),IF(_xlpm.s="OFF","OFF",TEXT(MOD(TIMEVALUE(_xlfn.TEXTBEFORE(_xlpm.s,"-"))+0.5,1),"hh:mm")&" - "&TEXT(MOD(TIMEVALUE(_xlfn.TEXTAFTER(_xlpm.s,"-"))+0.5,1),"hh:mm"))),IF(EST!$P6=1,EST!E6,EST!F6)) -> 08:00 - 19:00 | G6: =IFERROR(_xlfn.LET(_xlpm.s,SUBSTITUTE(IF(EST!$P6=1,EST!F6,EST!G6)," ",""),IF(_xlpm.s="OFF","OFF",TEXT(MOD(TIMEVALUE(_xlfn.TEXTBEFORE(_xlpm.s,"-"))+0.5,1),"hh:mm")&" - "&TEXT(MOD(TIMEVALUE(_xlfn.TEXTAFTER(_xlpm.s,"-"))+0.5,1),"hh:mm"))),IF(EST!$P6=1,EST!F6,EST!G6)) -> 08:00 - 19:00 | H6: =IFERROR(_xlfn.LET(_xlpm.s,SUBSTITUTE(IF(EST!$P6=1,EST!G6,EST!H6)," ",""),IF(_xlpm.s="OFF","OFF",TEXT(MOD(TIMEVALUE(_xlfn.TEXTBEFORE(_xlpm.s,"-"))+0.5,1),"hh:mm")&" - "&TEXT(MOD(TIMEVALUE(_xlfn.TEXTAFTER(_xlpm.s,"-"))+0.5,1),"hh:mm"))),IF(EST!$P6=1,EST!G6,EST!H6)) -> 08:00 - 19:00 | I6: =_xlfn.TEXTJOIN(" - ",TRUE, IF(B6="OFF","Mon",""), IF(C6="OFF","Tue",""), IF(D6="OFF","Wed",""), IF(E6="OFF","Thu",""), IF(F6="OFF","Fri",""), IF(G6="OFF","Sat",""), IF(H6="OFF","Sun","")) -> Mon - Tue - Wed | J6: =MOD(EST!J6+TIME(12,0,0),1) -> 0.42708333 | K6: =MOD(EST!K6+TIME(12,0,0),1) -> 0.51041667 | L6: =MOD(EST!L6+TIME(12,0,0),1) -> 0.6875 | M6: =MOD(EST!M6+TIME(12,0,0),1) -> 0.60416667 | N6: =EST!N6 -> Michael Dominguez
A7: =EST!A7 -> AZILEAN KHRISTA ALMAZAN | B7: =IFERROR(_xlfn.LET(_xlpm.s,SUBSTITUTE(IF(EST!$P7=1,EST!H7,EST!B7)," ",""),IF(_xlpm.s="OFF","OFF",TEXT(MOD(TIMEVALUE(_xlfn.TEXTBEFORE(_xlpm.s,"-"))+0.5,1),"hh:mm")&" - "&TEXT(MOD(TIMEVALUE(_xlfn.TEXTAFTER(_xlpm.s,"-"))+0.5,1),"hh:mm"))),IF(EST!$P7=1,EST!H7,EST!B7)) -> 21:00 - 08:00 | C7: =IFERROR(_xlfn.LET(_xlpm.s,SUBSTITUTE(IF(EST!$P7=1,EST!B7,EST!C7)," ",""),IF(_xlpm.s="OFF","OFF",TEXT(MOD(TIMEVALUE(_xlfn.TEXTBEFORE(_xlpm.s,"-"))+0.5,1),"hh:mm")&" - "&TEXT(MOD(TIMEVALUE(_xlfn.TEXTAFTER(_xlpm.s,"-"))+0.5,1),"hh:mm"))),IF(EST!$P7=1,EST!B7,EST!C7)) -> 21:00 - 08:00 | D7: =IFERROR(_xlfn.LET(_xlpm.s,SUBSTITUTE(IF(EST!$P7=1,EST!C7,EST!D7)," ",""),IF(_xlpm.s="OFF","OFF",TEXT(MOD(TIMEVALUE(_xlfn.TEXTBEFORE(_xlpm.s,"-"))+0.5,1),"hh:mm")&" - "&TEXT(MOD(TIMEVALUE(_xlfn.TEXTAFTER(_xlpm.s,"-"))+0.5,1),"hh:mm"))),IF(EST!$P7=1,EST!C7,EST!D7)) -> OFF | E7: =IFERROR(_xlfn.LET(_xlpm.s,SUBSTITUTE(IF(EST!$P7=1,EST!D7,EST!E7)," ",""),IF(_xlpm.s="OFF","OFF",TEXT(MOD(TIMEVALUE(_xlfn.TEXTBEFORE(_xlpm.s,"-"))+0.5,1),"hh:mm")&" - "&TEXT(MOD(TIMEVALUE(_xlfn.TEXTAFTER(_xlpm.s,"-"))+0.5,1),"hh:mm"))),IF(EST!$P7=1,EST!D7,EST!E7)) -> OFF | F7: =IFERROR(_xlfn.LET(_xlpm.s,SUBSTITUTE(IF(EST!$P7=1,EST!E7,EST!F7)," ",""),IF(_xlpm.s="OFF","OFF",TEXT(MOD(TIMEVALUE(_xlfn.TEXTBEFORE(_xlpm.s,"-"))+0.5,1),"hh:mm")&" - "&TEXT(MOD(TIMEVALUE(_xlfn.TEXTAFTER(_xlpm.s,"-"))+0.5,1),"hh:mm"))),IF(EST!$P7=1,EST!E7,EST!F7)) -> 21:00 - 08:00 | G7: =IFERROR(_xlfn.LET(_xlpm.s,SUBSTITUTE(IF(EST!$P7=1,EST!F7,EST!G7)," ",""),IF(_xlpm.s="OFF","OFF",TEXT(MOD(TIMEVALUE(_xlfn.TEXTBEFORE(_xlpm.s,"-"))+0.5,1),"hh:mm")&" - "&TEXT(MOD(TIMEVALUE(_xlfn.TEXTAFTER(_xlpm.s,"-"))+0.5,1),"hh:mm"))),IF(EST!$P7=1,EST!F7,EST!G7)) -> 21:00 - 08:00 | H7: =IFERROR(_xlfn.LET(_xlpm.s,SUBSTITUTE(IF(EST!$P7=1,EST!G7,EST!H7)," ",""),IF(_xlpm.s="OFF","OFF",TEXT(MOD(TIMEVALUE(_xlfn.TEXTBEFORE(_xlpm.s,"-"))+0.5,1),"hh:mm")&" - "&TEXT(MOD(TIMEVALUE(_xlfn.TEXTAFTER(_xlpm.s,"-"))+0.5,1),"hh:mm"))),IF(EST!$P7=1,EST!G7,EST!H7)) -> OFF | I7: =_xlfn.TEXTJOIN(" - ",TRUE, IF(B7="OFF","Mon",""), IF(C7="OFF","Tue",""), IF(D7="OFF","Wed",""), IF(E7="OFF","Thu",""), IF(F7="OFF","Fri",""), IF(G7="OFF","Sat",""), IF(H7="OFF","Sun","")) -> Wed - Thu - Sun | J7: =MOD(EST!J7+TIME(12,0,0),1) -> 0.95833333 | K7: =MOD(EST!K7+TIME(12,0,0),1) -> 0.052083333 | L7: =MOD(EST!L7+TIME(12,0,0),1) -> 0.1875 | M7: =MOD(EST!M7+TIME(12,0,0),1) -> 0.28125 | N7: =EST!N7 -> Anmecha Valencia
A8: =EST!A8 -> BENEDICT ERMITANO | B8: =IFERROR(_xlfn.LET(_xlpm.s,SUBSTITUTE(IF(EST!$P8=1,EST!H8,EST!B8)," ",""),IF(_xlpm.s="OFF","OFF",TEXT(MOD(TIMEVALUE(_xlfn.TEXTBEFORE(_xlpm.s,"-"))+0.5,1),"hh:mm")&" - "&TEXT(MOD(TIMEVALUE(_xlfn.TEXTAFTER(_xlpm.s,"-"))+0.5,1),"hh:mm"))),IF(EST!$P8=1,EST!H8,EST!B8)) -> OFF | C8: =IFERROR(_xlfn.LET(_xlpm.s,SUBSTITUTE(IF(EST!$P8=1,EST!B8,EST!C8)," ",""),IF(_xlpm.s="OFF","OFF",TEXT(MOD(TIMEVALUE(_xlfn.TEXTBEFORE(_xlpm.s,"-"))+0.5,1),"hh:mm")&" - "&TEXT(MOD(TIMEVALUE(_xlfn.TEXTAFTER(_xlpm.s,"-"))+0.5,1),"hh:mm"))),IF(EST!$P8=1,EST!B8,EST!C8)) -> 21:00 - 08:00 | D8: =IFERROR(_xlfn.LET(_xlpm.s,SUBSTITUTE(IF(EST!$P8=1,EST!C8,EST!D8)," ",""),IF(_xlpm.s="OFF","OFF",TEXT(MOD(TIMEVALUE(_xlfn.TEXTBEFORE(_xlpm.s,"-"))+0.5,1),"hh:mm")&" - "&TEXT(MOD(TIMEVALUE(_xlfn.TEXTAFTER(_xlpm.s,"-"))+0.5,1),"hh:mm"))),IF(EST!$P8=1,EST!C8,EST!D8)) -> 21:00 - 08:00 | E8: =IFERROR(_xlfn.LET(_xlpm.s,SUBSTITUTE(IF(EST!$P8=1,EST!D8,EST!E8)," ",""),IF(_xlpm.s="OFF","OFF",TEXT(MOD(TIMEVALUE(_xlfn.TEXTBEFORE(_xlpm.s,"-"))+0.5,1),"hh:mm")&" - "&TEXT(MOD(TIMEVALUE(_xlfn.TEXTAFTER(_xlpm.s,"-"))+0.5,1),"hh:mm"))),IF(EST!$P8=1,EST!D8,EST!E8)) -> 21:00 - 08:00 | F8: =IFERROR(_xlfn.LET(_xlpm.s,SUBSTITUTE(IF(EST!$P8=1,EST!E8,EST!F8)," ",""),IF(_xlpm.s="OFF","OFF",TEXT(MOD(TIMEVALUE(_xlfn.TEXTBEFORE(_xlpm.s,"-"))+0.5,1),"hh:mm")&" - "&TEXT(MOD(TIMEVALUE(_xlfn.TEXTAFTER(_xlpm.s,"-"))+0.5,1),"hh:mm"))),IF(EST!$P8=1,EST!E8,EST!F8)) -> OFF | G8: =IFERROR(_xlfn.LET(_xlpm.s,SUBSTITUTE(IF(EST!$P8=1,EST!F8,EST!G8)," ",""),IF(_xlpm.s="OFF","OFF",TEXT(MOD(TIMEVALUE(_xlfn.TEXTBEFORE(_xlpm.s,"-"))+0.5,1),"hh:mm")&" - "&TEXT(MOD(TIMEVALUE(_xlfn.TEXTAFTER(_xlpm.s,"-"))+0.5,1),"hh:mm"))),IF(EST!$P8=1,EST!F8,EST!G8)) -> 21:00 - 08:00 | H8: =IFERROR(_xlfn.LET(_xlpm.s,SUBSTITUTE(IF(EST!$P8=1,EST!G8,EST!H8)," ",""),IF(_xlpm.s="OFF","OFF",TEXT(MOD(TIMEVALUE(_xlfn.TEXTBEFORE(_xlpm.s,"-"))+0.5,1),"hh:mm")&" - "&TEXT(MOD(TIMEVALUE(_xlfn.TEXTAFTER(_xlpm.s,"-"))+0.5,1),"hh:mm"))),IF(EST!$P8=1,EST!G8,EST!H8)) -> OFF | I8: =_xlfn.TEXTJOIN(" - ",TRUE, IF(B8="OFF","Mon",""), IF(C8="OFF","Tue",""), IF(D8="OFF","Wed",""), IF(E8="OFF","Thu",""), IF(F8="OFF","Fri",""), IF(G8="OFF","Sat",""), IF(H8="OFF","Sun","")) -> Mon - Fri - Sun | J8: =MOD(EST!J8+TIME(12,0,0),1) -> 0.97916667 | K8: =MOD(EST!K8+TIME(12,0,0),1) -> 0.125 | L8: =MOD(EST!L8+TIME(12,0,0),1) -> 0.052083333 | M8: =MOD(EST!M8+TIME(12,0,0),1) -> 0.27083333 | N8: =EST!N8 -> Michael Dominguez
A9: =EST!A9 -> CARLOS JR. KIAMCO | B9: =IFERROR(_xlfn.LET(_xlpm.s,SUBSTITUTE(IF(EST!$P9=1,EST!H9,EST!B9)," ",""),IF(_xlpm.s="OFF","OFF",TEXT(MOD(TIMEVALUE(_xlfn.TEXTBEFORE(_xlpm.s,"-"))+0.5,1),"hh:mm")&" - "&TEXT(MOD(TIMEVALUE(_xlfn.TEXTAFTER(_xlpm.s,"-"))+0.5,1),"hh:mm"))),IF(EST!$P9=1,EST!H9,EST!B9)) -> 21:00 - 08:00 | C9: =IFERROR(_xlfn.LET(_xlpm.s,SUBSTITUTE(IF(EST!$P9=1,EST!B9,EST!C9)," ",""),IF(_xlpm.s="OFF","OFF",TEXT(MOD(TIMEVALUE(_xlfn.TEXTBEFORE(_xlpm.s,"-"))+0.5,1),"hh:mm")&" - "&TEXT(MOD(TIMEVALUE(_xlfn.TEXTAFTER(_xlpm.s,"-"))+0.5,1),"hh:mm"))),IF(EST!$P9=1,EST!B9,EST!C9)) -> 21:00 - 08:00 | D9: =IFERROR(_xlfn.LET(_xlpm.s,SUBSTITUTE(IF(EST!$P9=1,EST!C9,EST!D9)," ",""),IF(_xlpm.s="OFF","OFF",TEXT(MOD(TIMEVALUE(_xlfn.TEXTBEFORE(_xlpm.s,"-"))+0.5,1),"hh:mm")&" - "&TEXT(MOD(TIMEVALUE(_xlfn.TEXTAFTER(_xlpm.s,"-"))+0.5,1),"hh:mm"))),IF(EST!$P9=1,EST!C9,EST!D9)) -> OFF | E9: =IFERROR(_xlfn.LET(_xlpm.s,SUBSTITUTE(IF(EST!$P9=1,EST!D9,EST!E9)," ",""),IF(_xlpm.s="OFF","OFF",TEXT(MOD(TIMEVALUE(_xlfn.TEXTBEFORE(_xlpm.s,"-"))+0.5,1),"hh:mm")&" - "&TEXT(MOD(TIMEVALUE(_xlfn.TEXTAFTER(_xlpm.s,"-"))+0.5,1),"hh:mm"))),IF(EST!$P9=1,EST!D9,EST!E9)) -> OFF | F9: =IFERROR(_xlfn.LET(_xlpm.s,SUBSTITUTE(IF(EST!$P9=1,EST!E9,EST!F9)," ",""),IF(_xlpm.s="OFF","OFF",TEXT(MOD(TIMEVALUE(_xlfn.TEXTBEFORE(_xlpm.s,"-"))+0.5,1),"hh:mm")&" - "&TEXT(MOD(TIMEVALUE(_xlfn.TEXTAFTER(_xlpm.s,"-"))+0.5,1),"hh:mm"))),IF(EST!$P9=1,EST!E9,EST!F9)) -> OFF | G9: =IFERROR(_xlfn.LET(_xlpm.s,SUBSTITUTE(IF(EST!$P9=1,EST!F9,EST!G9)," ",""),IF(_xlpm.s="OFF","OFF",TEXT(MOD(TIMEVALUE(_xlfn.TEXTBEFORE(_xlpm.s,"-"))+0.5,1),"hh:mm")&" - "&TEXT(MOD(TIMEVALUE(_xlfn.TEXTAFTER(_xlpm.s,"-"))+0.5,1),"hh:mm"))),IF(EST!$P9=1,EST!F9,EST!G9)) -> 21:00 - 08:00 | H9: =IFERROR(_xlfn.LET(_xlpm.s,SUBSTITUTE(IF(EST!$P9=1,EST!G9,EST!H9)," ",""),IF(_xlpm.s="OFF","OFF",TEXT(MOD(TIMEVALUE(_xlfn.TEXTBEFORE(_xlpm.s,"-"))+0.5,1),"hh:mm")&" - "&TEXT(MOD(TIMEVALUE(_xlfn.TEXTAFTER(_xlpm.s,"-"))+0.5,1),"hh:mm"))),IF(EST!$P9=1,EST!G9,EST!H9)) -> 21:00 - 08:00 | I9: =_xlfn.TEXTJOIN(" - ",TRUE, IF(B9="OFF","Mon",""), IF(C9="OFF","Tue",""), IF(D9="OFF","Wed",""), IF(E9="OFF","Thu",""), IF(F9="OFF","Fri",""), IF(G9="OFF","Sat",""), IF(H9="OFF","Sun","")) -> Wed - Thu - Fri | J9: =MOD(EST!J9+TIME(12,0,0),1) -> 0.083333333 | K9: =MOD(EST!K9+TIME(12,0,0),1) -> 0.17708333 | L9: =MOD(EST!L9+TIME(12,0,0),1) -> 0.95833333 | M9: =MOD(EST!M9+TIME(12,0,0),1) -> 0.27083333 | N9: =EST!N9 -> Christopher Rodas
A10: =EST!A10 -> CHARISSE CAPUNO | B10: =IFERROR(_xlfn.LET(_xlpm.s,SUBSTITUTE(IF(EST!$P10=1,EST!H10,EST!B10)," ",""),IF(_xlpm.s="OFF","OFF",TEXT(MOD(TIMEVALUE(_xlfn.TEXTBEFORE(_xlpm.s,"-"))+0.5,1),"hh:mm")&" - "&TEXT(MOD(TIMEVALUE(_xlfn.TEXTAFTER(_xlpm.s,"-"))+0.5,1),"hh:mm"))),IF(EST!$P10=1,EST!H10,EST!B10)) -> 21:00 - 08:00 | C10: =IFERROR(_xlfn.LET(_xlpm.s,SUBSTITUTE(IF(EST!$P10=1,EST!B10,EST!C10)," ",""),IF(_xlpm.s="OFF","OFF",TEXT(MOD(TIMEVALUE(_xlfn.TEXTBEFORE(_xlpm.s,"-"))+0.5,1),"hh:mm")&" - "&TEXT(MOD(TIMEVALUE(_xlfn.TEXTAFTER(_xlpm.s,"-"))+0.5,1),"hh:mm"))),IF(EST!$P10=1,EST!B10,EST!C10)) -> OFF | D10: =IFERROR(_xlfn.LET(_xlpm.s,SUBSTITUTE(IF(EST!$P10=1,EST!C10,EST!D10)," ",""),IF(_xlpm.s="OFF","OFF",TEXT(MOD(TIMEVALUE(_xlfn.TEXTBEFORE(_xlpm.s,"-"))+0.5,1),"hh:mm")&" - "&TEXT(MOD(TIMEVALUE(_xlfn.TEXTAFTER(_xlpm.s,"-"))+0.5,1),"hh:mm"))),IF(EST!$P10=1,EST!C10,EST!D10)) -> 21:00 - 08:00 | E10: =IFERROR(_xlfn.LET(_xlpm.s,SUBSTITUTE(IF(EST!$P10=1,EST!D10,EST!E10)," ",""),IF(_xlpm.s="OFF","OFF",TEXT(MOD(TIMEVALUE(_xlfn.TEXTBEFORE(_xlpm.s,"-"))+0.5,1),"hh:mm")&" - "&TEXT(MOD(TIMEVALUE(_xlfn.TEXTAFTER(_xlpm.s,"-"))+0.5,1),"hh:mm"))),IF(EST!$P10=1,EST!D10,EST!E10)) -> 21:00 - 08:00 | F10: =IFERROR(_xlfn.LET(_xlpm.s,SUBSTITUTE(IF(EST!$P10=1,EST!E10,EST!F10)," ",""),IF(_xlpm.s="OFF","OFF",TEXT(MOD(TIMEVALUE(_xlfn.TEXTBEFORE(_xlpm.s,"-"))+0.5,1),"hh:mm")&" - "&TEXT(MOD(TIMEVALUE(_xlfn.TEXTAFTER(_xlpm.s,"-"))+0.5,1),"hh:mm"))),IF(EST!$P10=1,EST!E10,EST!F10)) -> 21:00 - 08:00 | G10: =IFERROR(_xlfn.LET(_xlpm.s,SUBSTITUTE(IF(EST!$P10=1,EST!F10,EST!G10)," ",""),IF(_xlpm.s="OFF","OFF",TEXT(MOD(TIMEVALUE(_xlfn.TEXTBEFORE(_xlpm.s,"-"))+0.5,1),"hh:mm")&" - "&TEXT(MOD(TIMEVALUE(_xlfn.TEXTAFTER(_xlpm.s,"-"))+0.5,1),"hh:mm"))),IF(EST!$P10=1,EST!F10,EST!G10)) -> OFF | H10: =IFERROR(_xlfn.LET(_xlpm.s,SUBSTITUTE(IF(EST!$P10=1,EST!G10,EST!H10)," ",""),IF(_xlpm.s="OFF","OFF",TEXT(MOD(TIMEVALUE(_xlfn.TEXTBEFORE(_xlpm.s,"-"))+0.5,1),"hh:mm")&" - "&TEXT(MOD(TIMEVALUE(_xlfn.TEXTAFTER(_xlpm.s,"-"))+0.5,1),"hh:mm"))),IF(EST!$P10=1,EST!G10,EST!H10)) -> OFF | I10: =_xlfn.TEXTJOIN(" - ",TRUE, IF(B10="OFF","Mon",""), IF(C10="OFF","Tue",""), IF(D10="OFF","Wed",""), IF(E10="OFF","Thu",""), IF(F10="OFF","Fri",""), IF(G10="OFF","Sat",""), IF(H10="OFF","Sun","")) -> Tue - Sat - Sun | J10: =MOD(EST!J10+TIME(12,0,0),1) -> 0.96875 | K10: =MOD(EST!K10+TIME(12,0,0),1) -> 0.0625 | L10: =MOD(EST!L10+TIME(12,0,0),1) -> 0.25 | M10: =MOD(EST!M10+TIME(12,0,0),1) -> 0.15625 | N10: =EST!N10 -> Anmecha Valencia
A11: =EST!A11 -> CHRIS PAUL DALUT | B11: =IFERROR(_xlfn.LET(_xlpm.s,SUBSTITUTE(IF(EST!$P11=1,EST!H11,EST!B11)," ",""),IF(_xlpm.s="OFF","OFF",TEXT(MOD(TIMEVALUE(_xlfn.TEXTBEFORE(_xlpm.s,"-"))+0.5,1),"hh:mm")&" - "&TEXT(MOD(TIMEVALUE(_xlfn.TEXTAFTER(_xlpm.s,"-"))+0.5,1),"hh:mm"))),IF(EST!$P11=1,EST!H11,EST!B11)) -> OFF | C11: =IFERROR(_xlfn.LET(_xlpm.s,SUBSTITUTE(IF(EST!$P11=1,EST!B11,EST!C11)," ",""),IF(_xlpm.s="OFF","OFF",TEXT(MOD(TIMEVALUE(_xlfn.TEXTBEFORE(_xlpm.s,"-"))+0.5,1),"hh:mm")&" - "&TEXT(MOD(TIMEVALUE(_xlfn.TEXTAFTER(_xlpm.s,"-"))+0.5,1),"hh:mm"))),IF(EST!$P11=1,EST!B11,EST!C11)) -> 15:00 - 02:00 | D11: =IFERROR(_xlfn.LET(_xlpm.s,SUBSTITUTE(IF(EST!$P11=1,EST!C11,EST!D11)," ",""),IF(_xlpm.s="OFF","OFF",TEXT(MOD(TIMEVALUE(_xlfn.TEXTBEFORE(_xlpm.s,"-"))+0.5,1),"hh:mm")&" - "&TEXT(MOD(TIMEVALUE(_xlfn.TEXTAFTER(_xlpm.s,"-"))+0.5,1),"hh:mm"))),IF(EST!$P11=1,EST!C11,EST!D11)) -> 15:00 - 02:00 | E11: =IFERROR(_xlfn.LET(_xlpm.s,SUBSTITUTE(IF(EST!$P11=1,EST!D11,EST!E11)," ",""),IF(_xlpm.s="OFF","OFF",TEXT(MOD(TIMEVALUE(_xlfn.TEXTBEFORE(_xlpm.s,"-"))+0.5,1),"hh:mm")&" - "&TEXT(MOD(TIMEVALUE(_xlfn.TEXTAFTER(_xlpm.s,"-"))+0.5,1),"hh:mm"))),IF(EST!$P11=1,EST!D11,EST!E11)) -> OFF | F11: =IFERROR(_xlfn.LET(_xlpm.s,SUBSTITUTE(IF(EST!$P11=1,EST!E11,EST!F11)," ",""),IF(_xlpm.s="OFF","OFF",TEXT(MOD(TIMEVALUE(_xlfn.TEXTBEFORE(_xlpm.s,"-"))+0.5,1),"hh:mm")&" - "&TEXT(MOD(TIMEVALUE(_xlfn.TEXTAFTER(_xlpm.s,"-"))+0.5,1),"hh:mm"))),IF(EST!$P11=1,EST!E11,EST!F11)) -> 15:00 - 02:00 | G11: =IFERROR(_xlfn.LET(_xlpm.s,SUBSTITUTE(IF(EST!$P11=1,EST!F11,EST!G11)," ",""),IF(_xlpm.s="OFF","OFF",TEXT(MOD(TIMEVALUE(_xlfn.TEXTBEFORE(_xlpm.s,"-"))+0.5,1),"hh:mm")&" - "&TEXT(MOD(TIMEVALUE(_xlfn.TEXTAFTER(_xlpm.s,"-"))+0.5,1),"hh:mm"))),IF(EST!$P11=1,EST!F11,EST!G11)) -> 15:00 - 02:00 | H11: =IFERROR(_xlfn.LET(_xlpm.s,SUBSTITUTE(IF(EST!$P11=1,EST!G11,EST!H11)," ",""),IF(_xlpm.s="OFF","OFF",TEXT(MOD(TIMEVALUE(_xlfn.TEXTBEFORE(_xlpm.s,"-"))+0.5,1),"hh:mm")&" - "&TEXT(MOD(TIMEVALUE(_xlfn.TEXTAFTER(_xlpm.s,"-"))+0.5,1),"hh:mm"))),IF(EST!$P11=1,EST!G11,EST!H11)) -> OFF | I11: =_xlfn.TEXTJOIN(" - ",TRUE, IF(B11="OFF","Mon",""), IF(C11="OFF","Tue",""), IF(D11="OFF","Wed",""), IF(E11="OFF","Thu",""), IF(F11="OFF","Fri",""), IF(G11="OFF","Sat",""), IF(H11="OFF","Sun","")) -> Mon - Thu - Sun | J11: =MOD(EST!J11+TIME(12,0,0),1) -> 0.69791667 | K11: =MOD(EST!K11+TIME(12,0,0),1) -> 0.9375 | L11: =MOD(EST!L11+TIME(12,0,0),1) -> 0.8125 | M11: =MOD(EST!M11+TIME(12,0,0),1) -> 0.041666667 | N11: =EST!N11 -> Anmecha Valencia
A12: =EST!A12 -> CHRISTIAN LAJERA | B12: =IFERROR(_xlfn.LET(_xlpm.s,SUBSTITUTE(IF(EST!$P12=1,EST!H12,EST!B12)," ",""),IF(_xlpm.s="OFF","OFF",TEXT(MOD(TIMEVALUE(_xlfn.TEXTBEFORE(_xlpm.s,"-"))+0.5,1),"hh:mm")&" - "&TEXT(MOD(TIMEVALUE(_xlfn.TEXTAFTER(_xlpm.s,"-"))+0.5,1),"hh:mm"))),IF(EST!$P12=1,EST!H12,EST!B12)) -> OFF | C12: =IFERROR(_xlfn.LET(_xlpm.s,SUBSTITUTE(IF(EST!$P12=1,EST!B12,EST!C12)," ",""),IF(_xlpm.s="OFF","OFF",TEXT(MOD(TIMEVALUE(_xlfn.TEXTBEFORE(_xlpm.s,"-"))+0.5,1),"hh:mm")&" - "&TEXT(MOD(TIMEVALUE(_xlfn.TEXTAFTER(_xlpm.s,"-"))+0.5,1),"hh:mm"))),IF(EST!$P12=1,EST!B12,EST!C12)) -> 21:00 - 08:00 | D12: =IFERROR(_xlfn.LET(_xlpm.s,SUBSTITUTE(IF(EST!$P12=1,EST!C12,EST!D12)," ",""),IF(_xlpm.s="OFF","OFF",TEXT(MOD(TIMEVALUE(_xlfn.TEXTBEFORE(_xlpm.s,"-"))+0.5,1),"hh:mm")&" - "&TEXT(MOD(TIMEVALUE(_xlfn.TEXTAFTER(_xlpm.s,"-"))+0.5,1),"hh:mm"))),IF(EST!$P12=1,EST!C12,EST!D12)) -> 21:00 - 08:00 | E12: =IFERROR(_xlfn.LET(_xlpm.s,SUBSTITUTE(IF(EST!$P12=1,EST!D12,EST!E12)," ",""),IF(_xlpm.s="OFF","OFF",TEXT(MOD(TIMEVALUE(_xlfn.TEXTBEFORE(_xlpm.s,"-"))+0.5,1),"hh:mm")&" - "&TEXT(MOD(TIMEVALUE(_xlfn.TEXTAFTER(_xlpm.s,"-"))+0.5,1),"hh:mm"))),IF(EST!$P12=1,EST!D12,EST!E12)) -> 21:00 - 08:00 | F12: =IFERROR(_xlfn.LET(_xlpm.s,SUBSTITUTE(IF(EST!$P12=1,EST!E12,EST!F12)," ",""),IF(_xlpm.s="OFF","OFF",TEXT(MOD(TIMEVALUE(_xlfn.TEXTBEFORE(_xlpm.s,"-"))+0.5,1),"hh:mm")&" - "&TEXT(MOD(TIMEVALUE(_xlfn.TEXTAFTER(_xlpm.s,"-"))+0.5,1),"hh:mm"))),IF(EST!$P12=1,EST!E12,EST!F12)) -> 21:00 - 08:00 | G12: =IFERROR(_xlfn.LET(_xlpm.s,SUBSTITUTE(IF(EST!$P12=1,EST!F12,EST!G12)," ",""),IF(_xlpm.s="OFF","OFF",TEXT(MOD(TIMEVALUE(_xlfn.TEXTBEFORE(_xlpm.s,"-"))+0.5,1),"hh:mm")&" - "&TEXT(MOD(TIMEVALUE(_xlfn.TEXTAFTER(_xlpm.s,"-"))+0.5,1),"hh:mm"))),IF(EST!$P12=1,EST!F12,EST!G12)) -> OFF | H12: =IFERROR(_xlfn.LET(_xlpm.s,SUBSTITUTE(IF(EST!$P12=1,EST!G12,EST!H12)," ",""),IF(_xlpm.s="OFF","OFF",TEXT(MOD(TIMEVALUE(_xlfn.TEXTBEFORE(_xlpm.s,"-"))+0.5,1),"hh:mm")&" - "&TEXT(MOD(TIMEVALUE(_xlfn.TEXTAFTER(_xlpm.s,"-"))+0.5,1),"hh:mm"))),IF(EST!$P12=1,EST!G12,EST!H12)) -> OFF | I12: =_xlfn.TEXTJOIN(" - ",TRUE, IF(B12="OFF","Mon",""), IF(C12="OFF","Tue",""), IF(D12="OFF","Wed",""), IF(E12="OFF","Thu",""), IF(F12="OFF","Fri",""), IF(G12="OFF","Sat",""), IF(H12="OFF","Sun","")) -> Mon - Sat - Sun | J12: =MOD(EST!J12+TIME(12,0,0),1) -> 0.95833333 | K12: =MOD(EST!K12+TIME(12,0,0),1) -> 0.041666667 | L12: =MOD(EST!L12+TIME(12,0,0),1) -> 0.14583333 | M12: =MOD(EST!M12+TIME(12,0,0),1) -> 0.26041667 | N12: =EST!N12 -> Michael Dominguez
A13: =EST!A13 -> CLEENDY CERILLA | B13: =IFERROR(_xlfn.LET(_xlpm.s,SUBSTITUTE(IF(EST!$P13=1,EST!H13,EST!B13)," ",""),IF(_xlpm.s="OFF","OFF",TEXT(MOD(TIMEVALUE(_xlfn.TEXTBEFORE(_xlpm.s,"-"))+0.5,1),"hh:mm")&" - "&TEXT(MOD(TIMEVALUE(_xlfn.TEXTAFTER(_xlpm.s,"-"))+0.5,1),"hh:mm"))),IF(EST!$P13=1,EST!H13,EST!B13)) -> OFF | C13: =IFERROR(_xlfn.LET(_xlpm.s,SUBSTITUTE(IF(EST!$P13=1,EST!B13,EST!C13)," ",""),IF(_xlpm.s="OFF","OFF",TEXT(MOD(TIMEVALUE(_xlfn.TEXTBEFORE(_xlpm.s,"-"))+0.5,1),"hh:mm")&" - "&TEXT(MOD(TIMEVALUE(_xlfn.TEXTAFTER(_xlpm.s,"-"))+0.5,1),"hh:mm"))),IF(EST!$P13=1,EST!B13,EST!C13)) -> 19:30 - 06:30 | D13: =IFERROR(_xlfn.LET(_xlpm.s,SUBSTITUTE(IF(EST!$P13=1,EST!C13,EST!D13)," ",""),IF(_xlpm.s="OFF","OFF",TEXT(MOD(TIMEVALUE(_xlfn.TEXTBEFORE(_xlpm.s,"-"))+0.5,1),"hh:mm")&" - "&TEXT(MOD(TIMEVALUE(_xlfn.TEXTAFTER(_xlpm.s,"-"))+0.5,1),"hh:mm"))),IF(EST!$P13=1,EST!C13,EST!D13)) -> 19:30 - 06:30 | E13: =IFERROR(_xlfn.LET(_xlpm.s,SUBSTITUTE(IF(EST!$P13=1,EST!D13,EST!E13)," ",""),IF(_xlpm.s="OFF","OFF",TEXT(MOD(TIMEVALUE(_xlfn.TEXTBEFORE(_xlpm.s,"-"))+0.5,1),"hh:mm")&" - "&TEXT(MOD(TIMEVALUE(_xlfn.TEXTAFTER(_xlpm.s,"-"))+0.5,1),"hh:mm"))),IF(EST!$P13=1,EST!D13,EST!E13)) -> 19:30 - 06:30 | F13: =IFERROR(_xlfn.LET(_xlpm.s,SUBSTITUTE(IF(EST!$P13=1,EST!E13,EST!F13)," ",""),IF(_xlpm.s="OFF","OFF",TEXT(MOD(TIMEVALUE(_xlfn.TEXTBEFORE(_xlpm.s,"-"))+0.5,1),"hh:mm")&" - "&TEXT(MOD(TIMEVALUE(_xlfn.TEXTAFTER(_xlpm.s,"-"))+0.5,1),"hh:mm"))),IF(EST!$P13=1,EST!E13,EST!F13)) -> 19:30 - 06:30 | G13: =IFERROR(_xlfn.LET(_xlpm.s,SUBSTITUTE(IF(EST!$P13=1,EST!F13,EST!G13)," ",""),IF(_xlpm.s="OFF","OFF",TEXT(MOD(TIMEVALUE(_xlfn.TEXTBEFORE(_xlpm.s,"-"))+0.5,1),"hh:mm")&" - "&TEXT(MOD(TIMEVALUE(_xlfn.TEXTAFTER(_xlpm.s,"-"))+0.5,1),"hh:mm"))),IF(EST!$P13=1,EST!F13,EST!G13)) -> OFF | H13: =IFERROR(_xlfn.LET(_xlpm.s,SUBSTITUTE(IF(EST!$P13=1,EST!G13,EST!H13)," ",""),IF(_xlpm.s="OFF","OFF",TEXT(MOD(TIMEVALUE(_xlfn.TEXTBEFORE(_xlpm.s,"-"))+0.5,1),"hh:mm")&" - "&TEXT(MOD(TIMEVALUE(_xlfn.TEXTAFTER(_xlpm.s,"-"))+0.5,1),"hh:mm"))),IF(EST!$P13=1,EST!G13,EST!H13)) -> OFF | I13: =_xlfn.TEXTJOIN(" - ",TRUE, IF(B13="OFF","Mon",""), IF(C13="OFF","Tue",""), IF(D13="OFF","Wed",""), IF(E13="OFF","Thu",""), IF(F13="OFF","Fri",""), IF(G13="OFF","Sat",""), IF(H13="OFF","Sun","")) -> Mon - Sat - Sun | J13: =MOD(EST!J13+TIME(12,0,0),1) -> 0.89583333 | K13: =MOD(EST!K13+TIME(12,0,0),1) -> 0.10416667 | L13: =MOD(EST!L13+TIME(12,0,0),1) -> 0.97916667 | M13: =MOD(EST!M13+TIME(12,0,0),1) -> 0.22916667 | N13: =EST!N13 -> Christopher Rodas
... A61: =EST!A61 -> WILLIAM NAVA | B61: =IFERROR(_xlfn.LET(_xlpm.s,SUBSTITUTE(IF(EST!$P61=1,EST!H61,EST!B61)," ",""),IF(_xlpm.s="OFF","OFF",TEXT(MOD(TIMEVALUE(_xlfn.TEXTBEFORE(_xlpm.s,"-"))+0.5,1),"hh:mm")&" - "&TEXT(MOD(TIMEVALUE(_xlfn.TEXTAFTER(_xlpm.s,"-"))+0.5,1),"hh:mm"))),IF(EST!$P61=1,EST!H61,EST!B61)) -> 20:00 - 07:00 | C61: =IFERROR(_xlfn.LET(_xlpm.s,SUBSTITUTE(IF(EST!$P61=1,EST!B61,EST!C61)," ",""),IF(_xlpm.s="OFF","OFF",TEXT(MOD(TIMEVALUE(_xlfn.TEXTBEFORE(_xlpm.s,"-"))+0.5,1),"hh:mm")&" - "&TEXT(MOD(TIMEVALUE(_xlfn.TEXTAFTER(_xlpm.s,"-"))+0.5,1),"hh:mm"))),IF(EST!$P61=1,EST!B61,EST!C61)) -> OFF | D61: =IFERROR(_xlfn.LET(_xlpm.s,SUBSTITUTE(IF(EST!$P61=1,EST!C61,EST!D61)," ",""),IF(_xlpm.s="OFF","OFF",TEXT(MOD(TIMEVALUE(_xlfn.TEXTBEFORE(_xlpm.s,"-"))+0.5,1),"hh:mm")&" - "&TEXT(MOD(TIMEVALUE(_xlfn.TEXTAFTER(_xlpm.s,"-"))+0.5,1),"hh:mm"))),IF(EST!$P61=1,EST!C61,EST!D61)) -> 20:00 - 07:00 | E61: =IFERROR(_xlfn.LET(_xlpm.s,SUBSTITUTE(IF(EST!$P61=1,EST!D61,EST!E61)," ",""),IF(_xlpm.s="OFF","OFF",TEXT(MOD(TIMEVALUE(_xlfn.TEXTBEFORE(_xlpm.s,"-"))+0.5,1),"hh:mm")&" - "&TEXT(MOD(TIMEVALUE(_xlfn.TEXTAFTER(_xlpm.s,"-"))+0.5,1),"hh:mm"))),IF(EST!$P61=1,EST!D61,EST!E61)) -> 20:00 - 07:00 | F61: =IFERROR(_xlfn.LET(_xlpm.s,SUBSTITUTE(IF(EST!$P61=1,EST!E61,EST!F61)," ",""),IF(_xlpm.s="OFF","OFF",TEXT(MOD(TIMEVALUE(_xlfn.TEXTBEFORE(_xlpm.s,"-"))+0.5,1),"hh:mm")&" - "&TEXT(MOD(TIMEVALUE(_xlfn.TEXTAFTER(_xlpm.s,"-"))+0.5,1),"hh:mm"))),IF(EST!$P61=1,EST!E61,EST!F61)) -> 20:00 - 07:00 | G61: =IFERROR(_xlfn.LET(_xlpm.s,SUBSTITUTE(IF(EST!$P61=1,EST!F61,EST!G61)," ",""),IF(_xlpm.s="OFF","OFF",TEXT(MOD(TIMEVALUE(_xlfn.TEXTBEFORE(_xlpm.s,"-"))+0.5,1),"hh:mm")&" - "&TEXT(MOD(TIMEVALUE(_xlfn.TEXTAFTER(_xlpm.s,"-"))+0.5,1),"hh:mm"))),IF(EST!$P61=1,EST!F61,EST!G61)) -> OFF | H61: =IFERROR(_xlfn.LET(_xlpm.s,SUBSTITUTE(IF(EST!$P61=1,EST!G61,EST!H61)," ",""),IF(_xlpm.s="OFF","OFF",TEXT(MOD(TIMEVALUE(_xlfn.TEXTBEFORE(_xlpm.s,"-"))+0.5,1),"hh:mm")&" - "&TEXT(MOD(TIMEVALUE(_xlfn.TEXTAFTER(_xlpm.s,"-"))+0.5,1),"hh:mm"))),IF(EST!$P61=1,EST!G61,EST!H61)) -> OFF | I61: =_xlfn.TEXTJOIN(" - ",TRUE, IF(B61="OFF","Mon",""), IF(C61="OFF","Tue",""), IF(D61="OFF","Wed",""), IF(E61="OFF","Thu",""), IF(F61="OFF","Fri",""), IF(G61="OFF","Sat",""), IF(H61="OFF","Sun","")) -> Tue - Sat - Sun | J61: =MOD(EST!J61+TIME(12,0,0),1) -> 0.92708333 | K61: =MOD(EST!K61+TIME(12,0,0),1) -> 0.14583333 | L61: =MOD(EST!L61+TIME(12,0,0),1) -> 0.010416667 | M61: =MOD(EST!M61+TIME(12,0,0),1) -> 0.26041667 | N61: =EST!N61 -> Anmecha Valencia

Sheet PTO
A1: Name | B1: Date | C1: Reason | D1: Supervisor
A2: JEFFRYL JOE PADRILLO | B2: 46315 | C2: PTO | D2: =VLOOKUP(A2,EST!A:N,14,FALSE) -> Christopher Rodas
A3: BENEDICT ERMITANO | B3: 46315 | C3: PTO | D3: =VLOOKUP(A3,EST!A:N,14,FALSE) -> Michael Dominguez
A4: AIREEN BALANON | B4: 46315 | C4: PTO | D4: =VLOOKUP(A4,EST!A:N,14,FALSE) -> Remmo Panaligan
A5: ELJOHN MAR CABALIDA | B5: 46316 | C5: PTO | D5: =VLOOKUP(A5,EST!A:N,14,FALSE) -> Michael Dominguez
A6: JOSEPHRAIM LAMOSTE | B6: 46317 | C6: PTO | D6: =VLOOKUP(A6,EST!A:N,14,FALSE) -> Manilyn Abellar
A7: CHRIS PAUL DALUT | B7: 46317 | C7: PTO | D7: =VLOOKUP(A7,EST!A:N,14,FALSE) -> Anmecha Valencia
A8: ELJOHN MAR CABALIDA | B8: 46317 | C8: PTO | D8: =VLOOKUP(A8,EST!A:N,14,FALSE) -> Michael Dominguez
A9: ELIJAH JEREMY RACCA | B9: 46318 | C9: PTO | D9: =VLOOKUP(A9,EST!A:N,14,FALSE) -> Anmecha Valencia
A10: CHRISTIAN LAJERA | B10: 46318 | C10: PTO | D10: =VLOOKUP(A10,EST!A:N,14,FALSE) -> Michael Dominguez
A11: REY FERNANDEZ | B11: 46318 | C11: PTO | D11: =VLOOKUP(A11,EST!A:N,14,FALSE) -> Anmecha Valencia
A12: MARK RAYMOND MANGASER | B12: 46320 | C12: PTO | D12: =VLOOKUP(A12,EST!A:N,14,FALSE) -> Remmo Panaligan
A13: ROY SAGALES | B13: 46321 | C13: PTO | D13: =VLOOKUP(A13,EST!A:N,14,FALSE) -> Michael Dominguez
... A29: FRANCIS BAJAO | B29: 46326 | C29: PTO | D29: =VLOOKUP(A29,EST!A:N,14,FALSE) -> Christopher Rodas

Sheet Called OFF
A1: Name | B1: Date | C1: Reason | D1: Supervisor
A2: DHARLYN GREJ ESTILLORE | B2: 46315 | C2: Called Off | D2: =VLOOKUP(A2,EST!A:N,14,FALSE) -> Anmecha Valencia
A3: JAMES KIM MALATAG | B3: 46316 | C3: Running Late (No ETA) | D3: =VLOOKUP(A3,EST!A:N,14,FALSE) -> Michael Dominguez
A4: DHARLYN GREJ ESTILLORE | B4: 46316 | C4: Running Late (ETA : 17:00) | D4: =VLOOKUP(A4,EST!A:N,14,FALSE) -> Anmecha Valencia
A5: KATHLEEN MELECIO | B5: 46317 | C5: Left Early | D5: =VLOOKUP(A5,EST!A:N,14,FALSE) -> Christopher Rodas
